{
    "-1_": {
        "loss": [
            0.05215850844979286,
            0.05151481181383133
        ],
        "f1": [
            0.039832957088947296,
            0.039899446070194244
        ],
        "auc_1": [
            0.4954102635383606,
            0.49867090582847595
        ],
        "precision": [
            0.020846683531999588,
            0.020890170708298683
        ],
        "recall": [
            0.4499841630458832,
            0.4509678781032562
        ],
        "val_loss": [
            0.039980415254831314,
            0.03938799351453781
        ],
        "val_f1": [
            0.041260723024606705,
            0.04111906513571739
        ],
        "val_auc_1": [
            0.4983510971069336,
            0.4988502562046051
        ],
        "val_precision": [
            0.02166331745684147,
            0.021591536700725555
        ],
        "val_recall": [
            0.4384956657886505,
            0.4336026906967163
        ],
        "test_auc": 0.501816,
        "micro_test_f1": 0.039742,
        "macro_test_f1": 0.034861,
        "test_precision": 0.020851999521255493,
        "test_recall": 0.42262598872184753
    },
    "-4_": {
        "loss": [
            0.05542350932955742,
            0.0547134205698967
        ],
        "f1": [
            0.04153501242399216,
            0.0419272854924202
        ],
        "auc_2": [
            0.5102367401123047,
            0.5148316025733948
        ],
        "precision": [
            0.021670205518603325,
            0.02188250795006752
        ],
        "recall": [
            0.5033947825431824,
            0.5039166212081909
        ],
        "val_loss": [
            0.04387606307864189,
            0.04324318841099739
        ],
        "val_f1": [
            0.042520537972450256,
            0.042314205318689346
        ],
        "val_auc_2": [
            0.5133481025695801,
            0.5136985182762146
        ],
        "val_precision": [
            0.02221805974841118,
            0.02212265320122242
        ],
        "val_recall": [
            0.49744710326194763,
            0.4901416301727295
        ],
        "test_auc": 0.503988,
        "micro_test_f1": 0.042535,
        "macro_test_f1": 0.03665,
        "test_precision": 0.022218000143766403,
        "test_recall": 0.49720698595046997
    }
}